{
  "algorithm": "id3",
  "validation_method": "holdout",
  "k_folds": null,
  "knn_k": null,
  "max_depth": null,
  "feature_names": [
    "sepal length (cm)",
    "sepal width (cm)",
    "petal length (cm)",
    "petal width (cm)"
  ],
  "target_col": "species",
  "dataset_file": "fisheriris.csv",
  "metrics": {
    "accuracy": 0.8888888888888888,
    "validation_method": "holdout",
    "report": {
      "setosa": {
        "precision": 1.0,
        "recall": 1.0,
        "f1-score": 1.0,
        "support": 15.0
      },
      "versicolor": {
        "precision": 0.8125,
        "recall": 0.8666666666666667,
        "f1-score": 0.8387096774193549,
        "support": 15.0
      },
      "virginica": {
        "precision": 0.8571428571428571,
        "recall": 0.8,
        "f1-score": 0.8275862068965517,
        "support": 15.0
      },
      "accuracy": 0.8888888888888888,
      "macro avg": {
        "precision": 0.8898809523809524,
        "recall": 0.888888888888889,
        "f1-score": 0.8887652947719689,
        "support": 45.0
      },
      "weighted avg": {
        "precision": 0.8898809523809523,
        "recall": 0.8888888888888888,
        "f1-score": 0.8887652947719689,
        "support": 45.0
      }
    }
  }
}